<?xml version="1.0" encoding="utf-8"?>
<extension type="component" version="1.6.0" method="upgrade">
	<name>Workflow Service</name>
	<author>Joomla! Project</author>
	<copyright>(C) 2005 - 2008 Open Source Matters. All rights reserved.
	</copyright>
	<license>http://www.gnu.org/licenses/gpl-2.0.html
		GNU/GPL</license>
	<authorEmail>admin@joomla.org</authorEmail>
	<authorUrl>www.joomla.org</authorUrl>
	<version>0.0.4</version>
		<description>COM_WORKFLOWSERVICE_XML_DESCRIPTION</description>

	<install> <!-- Runs on install -->
		<sql>
			<file driver="mysql" charset="utf8">sql/install.mysql.utf8.sql</file>
		</sql>
	</install>

	<uninstall> <!-- Runs on uninstall -->
		<sql>
			<file driver="mysql" charset="utf8">sql/uninstall.mysql.utf8.sql</file>
		</sql>
	</uninstall>

	<update> <!-- Runs on update; New in 1.6 -->
		<schemas>
			<schemapath type="mysql">sql/updates/mysql</schemapath>
		</schemas>
	</update>

	<!-- Site Main File Copy Section -->
	<!-- Note the folder attribute: This attribute describes the folder
		to copy FROM in the package to install therefore files copied
		in this section are copied from /site/ in the package -->
	<files folder="site">
		<filename>workflowservice.php</filename>
		<filename>router.php</filename>
		<filename>index.html</filename>
		<folder>views</folder>
		<folder>models</folder>
		<folder>controllers</folder>
		<folder>assets</folder>
		<folder>helpers</folder>
	</files>
	<languages folder="admin">
		<language tag="en-GB">language/en-GB/en-GB.com_workflowservice.ini
		</language>
	</languages>
	
	<administration>
		<!-- Administration Menu Section -->
		<!-- Administration Main File Copy Section -->
		<!-- Note the folder attribute: This attribute describes the folder
			to copy FROM in the package to install therefore files copied
			in this section are copied from /admin/ in the package -->
		<files folder="admin">
			<!-- Admin Main File Copy Section -->
			<filename>index.html</filename>
			<filename>config.xml</filename>
			<filename>workflowservice.php</filename>
			<!-- SQL files section -->
			<folder>sql</folder>
			<folder>tables</folder>
			<!-- views files section -->
			<folder>views</folder>
			<!-- controllers files section -->
			<folder>controllers</folder>
			<!-- helpers files section -->
			<folder>helpers</folder>
		</files>

		<languages folder="admin">
			<language tag="en-GB">language/en-GB/en-GB.com_workflowservice.ini</language>
		</languages>
	</administration>

</extension>